Id,place_city,place_country,place_state
1,Mumbai,India,Maharashtra
2,Mumbai,India,Maharashtra
3,Mumbai,India,Maharashtra
4,Mumbai,India,Maharashtra
5,Pune,India,Maharashtra
6,Mumbai,India,Maharashtra
7,Mumbai,India,Maharashtra
8,Mumbai,India,Maharashtra
9,Mumbai,India,Maharashtra
10,Pune,India,Maharashtra
11,Mumbai,India,Maharashtra
12,Mumbai,India,Maharashtra
13,Mumbai,India,Maharashtra
14,Pune,India,Maharashtra
15,Mumbai,India,Maharashtra
16,Mumbai,India,Maharashtra
17,Mumbai,India,Maharashtra
18,Pune,India,Maharashtra
19,Mumbai,India,Maharashtra
20,Mumbai,India,Maharashtra
21,Mumbai,India,Maharashtra
22,Mumbai,India,Maharashtra
23,Pune,India,Maharashtra
24,Mumbai,India,Maharashtra
25,Mumbai,India,Maharashtra
26,Mumbai,India,Maharashtra
27,Mumbai,India,Maharashtra
28,Mumbai,India,Maharashtra
29,Pune,India,Maharashtra
30,Mumbai,India,Maharashtra
31,Mumbai,India,Maharashtra
32,Mumbai,India,Maharashtra
33,Mumbai,India,Maharashtra
34,Mumbai,India,Maharashtra
35,Mumbai,India,Maharashtra
36,Mumbai,India,Maharashtra
37,Mumbai,India,Maharashtra
38,Mumbai,India,Maharashtra
39,Pune,India,Maharashtra
40,Mumbai,India,Maharashtra
41,Mumbai,India,Maharashtra
42,Pune,India,Maharashtra
43,Mumbai,India,Maharashtra
44,Mumbai,India,Maharashtra
45,Mumbai,India,Maharashtra
46,Pune,India,Maharashtra
47,Mumbai,India,Maharashtra
48,Mumbai,India,Maharashtra
49,Pune,India,Maharashtra
50,Mumbai,India,Maharashtra
51,Mumbai,India,Maharashtra
52,Mumbai,India,Maharashtra
53,Pune,India,Maharashtra
54,Mumbai,India,Maharashtra
55,Mumbai,India,Maharashtra
56,Mumbai,India,Maharashtra
57,Pune,India,Maharashtra
58,Mumbai,India,Maharashtra
59,Mumbai,India,Maharashtra
60,Mumbai,India,Maharashtra
61,Pune,India,Maharashtra
62,Mumbai,India,Maharashtra
63,Mumbai,India,Maharashtra
64,Mumbai,India,Maharashtra
65,Mumbai,India,Maharashtra
66,Mumbai,India,Maharashtra
67,Mumbai,India,Maharashtra
68,Mumbai,India,Maharashtra
69,Mumbai,India,Maharashtra
70,Mumbai,India,Maharashtra
71,Kolkata,India,West Bengal
72,Kolkata,India,West Bengal
73,Ahmedabad,India,Gujarat
74,Ahmedabad,India,Gujarat
75,Chepauk,India,Tamil Nadu
76,Mumbai,India,Maharashtra
77,Chepauk,India,Tamil Nadu
78,Mumbai,India,Maharashtra
79,Chepauk,India,Tamil Nadu
80,Chepauk,India,Tamil Nadu
81,Mumbai,India,Maharashtra
82,Mumbai,India,Maharashtra
83,Chepauk,India,Tamil Nadu
84,Chepauk,India,Tamil Nadu
85,Mumbai,India,Maharashtra
86,Mumbai,India,Maharashtra
87,Chepauk,India,Tamil Nadu
88,Chepauk,India,Tamil Nadu
89,Mumbai,India,Maharashtra
90,Mumbai,India,Maharashtra
91,Chepauk,India,Tamil Nadu
92,Mumbai,India,Maharashtra
93,Mumbai,India,Maharashtra
94,Chepauk,India,Tamil Nadu
95,Ahmedabad,India,Gujarat
96,Ahmedabad,India,Gujarat
97,Delhi,India,Delhi
98,Delhi,India,Delhi
99,Ahmedabad,India,Gujarat
100,Ahmedabad,India,Gujarat
101,Delhi,India,Delhi
102,Delhi,India,Delhi
103,Ahmedabad,India,Gujarat
104,Dubai,United Arab Emirates,Dubai
105,Abu Dhabi,United Arab Emirates,Abu Dhabi
106,Dubai,United Arab Emirates,Dubai
107,Dubai,United Arab Emirates,Dubai
108,Abu Dhabi,United Arab Emirates,Abu Dhabi
109,Sharjah,United Arab Emirates,Sharjah
110,Abu Dhabi,United Arab Emirates,Abu Dhabi
111,Sharjah,United Arab Emirates,Sharjah
112,Abu Dhabi,United Arab Emirates,Abu Dhabi
113,Dubai,United Arab Emirates,Dubai
114,Dubai,United Arab Emirates,Dubai
115,Sharjah,United Arab Emirates,Sharjah
116,Abu Dhabi,United Arab Emirates,Abu Dhabi
117,Dubai,United Arab Emirates,Dubai
118,Sharjah,United Arab Emirates,Sharjah
119,Dubai,United Arab Emirates,Dubai
120,Sharjah,United Arab Emirates,Sharjah
121,Abu Dhabi,United Arab Emirates,Abu Dhabi
122,Sharjah,United Arab Emirates,Sharjah
123,Dubai,United Arab Emirates,Dubai
124,Dubai,United Arab Emirates,Dubai
125,Sharjah,United Arab Emirates,Sharjah
126,Abu Dhabi,United Arab Emirates,Abu Dhabi
127,Dubai,United Arab Emirates,Dubai
128,Sharjah,United Arab Emirates,Sharjah
129,Dubai,United Arab Emirates,Dubai
130,Abu Dhabi,United Arab Emirates,Abu Dhabi
131,Dubai,United Arab Emirates,Dubai
132,Sharjah,United Arab Emirates,Sharjah
133,Sharjah,United Arab Emirates,Sharjah
134,Dubai,United Arab Emirates,Dubai
135,Abu Dhabi,United Arab Emirates,Abu Dhabi
136,Dubai,United Arab Emirates,Dubai
137,Dubai,United Arab Emirates,Dubai
138,Sharjah,United Arab Emirates,Sharjah
139,Abu Dhabi,United Arab Emirates,Abu Dhabi
140,Dubai,United Arab Emirates,Dubai
141,Dubai,United Arab Emirates,Dubai
142,Abu Dhabi,United Arab Emirates,Abu Dhabi
143,Sharjah,United Arab Emirates,Sharjah
144,Dubai,United Arab Emirates,Dubai
145,Abu Dhabi,United Arab Emirates,Abu Dhabi
146,Dubai,United Arab Emirates,Dubai
147,Abu Dhabi,United Arab Emirates,Abu Dhabi
148,Dubai,United Arab Emirates,Dubai
149,Abu Dhabi,United Arab Emirates,Abu Dhabi
150,Sharjah,United Arab Emirates,Sharjah
151,Sharjah,United Arab Emirates,Sharjah
152,Dubai,United Arab Emirates,Dubai
153,Dubai,United Arab Emirates,Dubai
154,Abu Dhabi,United Arab Emirates,Abu Dhabi
155,Abu Dhabi,United Arab Emirates,Abu Dhabi
156,Dubai,United Arab Emirates,Dubai
157,Sharjah,United Arab Emirates,Sharjah
158,Abu Dhabi,United Arab Emirates,Abu Dhabi
159,Dubai,United Arab Emirates,Dubai
160,Dubai,United Arab Emirates,Dubai
161,Abu Dhabi,United Arab Emirates,Abu Dhabi
162,Sharjah,United Arab Emirates,Sharjah
163,Dubai,United Arab Emirates,Dubai
164,Dubai,United Arab Emirates,Dubai
165,Sharjah,United Arab Emirates,Sharjah
166,Abu Dhabi,United Arab Emirates,Abu Dhabi
167,Dubai,United Arab Emirates,Dubai
168,Sharjah,United Arab Emirates,Sharjah
169,Abu Dhabi,United Arab Emirates,Abu Dhabi
170,Dubai,United Arab Emirates,Dubai
171,Abu Dhabi,United Arab Emirates,Abu Dhabi
172,Dubai,United Arab Emirates,Dubai
173,Abu Dhabi,United Arab Emirates,Abu Dhabi
174,Dubai,United Arab Emirates,Dubai
175,Sharjah,United Arab Emirates,Sharjah
176,Abu Dhabi,United Arab Emirates,Abu Dhabi
177,Dubai,United Arab Emirates,Dubai
178,Dubai,United Arab Emirates,Dubai
179,Abu Dhabi,United Arab Emirates,Abu Dhabi
180,Sharjah,United Arab Emirates,Sharjah
181,Dubai,United Arab Emirates,Dubai
182,Abu Dhabi,United Arab Emirates,Abu Dhabi
183,Dubai,United Arab Emirates,Dubai
184,Abu Dhabi,United Arab Emirates,Abu Dhabi
185,Dubai,United Arab Emirates,Dubai
186,Sharjah,United Arab Emirates,Sharjah
187,Abu Dhabi,United Arab Emirates,Abu Dhabi
188,Dubai,United Arab Emirates,Dubai
189,Abu Dhabi,United Arab Emirates,Abu Dhabi
190,Sharjah,United Arab Emirates,Sharjah
191,Dubai,United Arab Emirates,Dubai
192,Abu Dhabi,United Arab Emirates,Abu Dhabi
193,Abu Dhabi,United Arab Emirates,Abu Dhabi
194,Dubai,United Arab Emirates,Dubai
195,Chepauk,India,Tamil Nadu
196,Kolkata,India,West Bengal
197,Mumbai,India,Maharashtra
198,Jaipur,India,Rajasthan
199,Delhi,India,Delhi
200,Kolkata,India,West Bengal
201,Banglore,India,Karnataka
202,Hyderabad,India,Telengana
203,Mohali,India,Punjab
204,Delhi,India,Delhi
205,Hyderabad,India,Telengana
206,Chepauk,India,Tamil Nadu
207,Mohali,India,Punjab
208,Jaipur,India,Rajasthan
209,Mumbai,India,Maharashtra
210,Delhi,India,Delhi
211,Banglore,India,Karnataka
212,Chepauk,India,Tamil Nadu
213,Hyderabad,India,Telengana
214,Banglore,India,Karnataka
215,Jaipur,India,Rajasthan
216,Mohali,India,Punjab
217,Chepauk,India,Tamil Nadu
218,Mumbai,India,Maharashtra
219,Jaipur,India,Rajasthan
220,Kolkata,India,West Bengal
221,Mumbai,India,Maharashtra
222,Mohali,India,Punjab
223,Kolkata,India,West Bengal
224,Hyderabad,India,Telengana
225,Mumbai,India,Maharashtra
226,Mohali,India,Punjab
227,Hyderabad,India,Telengana
228,Delhi,India,Delhi
229,Kolkata,India,West Bengal
230,Jaipur,India,Rajasthan
231,Delhi,India,Delhi
232,Hyderabad,India,Telengana
233,Banglore,India,Karnataka
234,Jaipur,India,Rajasthan
235,Chepauk,India,Tamil Nadu
236,Banglore,India,Karnataka
237,Kolkata,India,West Bengal
238,Chepauk,India,Tamil Nadu
239,Jaipur,India,Rajasthan
240,Delhi,India,Delhi
241,Kolkata,India,West Bengal
242,Hyderabad,India,Telengana
243,Banglore,India,Karnataka
244,Chepauk,India,Tamil Nadu
245,Mumbai,India,Maharashtra
246,Mohali,India,Punjab
247,Delhi,India,Delhi
248,Banglore,India,Karnataka
249,Mohali,India,Punjab
250,Mumbai,India,Maharashtra
251,Chepauk,India,Tamil Nadu
252,Visakhapatnam,India,Andhra Pradesh
253,Visakhapatnam,India,Andhra Pradesh
254,Hyderabad,India,Telengana
255,Mumbai,India,Maharashtra
256,Mohali,India,Punjab
257,Kolkata,India,West Bengal
258,Hyderabad,India,Telengana
259,Chepauk,India,Tamil Nadu
260,Jaipur,India,Rajasthan
261,Hyderabad,India,Telengana
262,Banglore,India,Karnataka
263,Mumbai,India,Maharashtra
264,Kolkata,India,West Bengal
265,Banglore,India,Karnataka
266,Mohali,India,Punjab
267,Kolkata,India,West Bengal
268,Mumbai,India,Maharashtra
269,Jaipur,India,Rajasthan
270,Mohali,India,Punjab
271,Pune,India,Maharashtra
272,Kolkata,India,West Bengal
273,Banglore,India,Karnataka
274,Hyderabad,India,Telengana
275,Jaipur,India,Rajasthan
276,Delhi,India,Delhi
277,Mumbai,India,Maharashtra
278,Banglore,India,Karnataka
279,Hyderabad,India,Telengana
280,Delhi,India,Delhi
281,Pune,India,Maharashtra
282,Jaipur,India,Rajasthan
283,Banglore,India,Karnataka
284,Pune,India,Maharashtra
285,Banglore,India,Karnataka
286,Delhi,India,Delhi
287,Kolkata,India,West Bengal
288,Indore,India,Madhya Pradesh
289,Pune,India,Maharashtra
290,Hyderabad,India,Telengana
291,Mumbai,India,Maharashtra
292,Indore,India,Madhya Pradesh
293,Hyderabad,India,Telengana
294,Jaipur,India,Rajasthan
295,Kolkata,India,West Bengal
296,Delhi,India,Delhi
297,Jaipur,India,Rajasthan
298,Indore,India,Madhya Pradesh
299,Delhi,India,Delhi
300,Pune,India,Maharashtra
301,Mumbai,India,Maharashtra
302,Indore,India,Madhya Pradesh
303,Kolkata,India,West Bengal
304,Mumbai,India,Maharashtra
305,Banglore,India,Karnataka
306,Delhi,India,Delhi
307,Jaipur,India,Rajasthan
308,Hyderabad,India,Telengana
309,Delhi,India,Delhi
310,Pune,India,Maharashtra
311,Mumbai,India,Maharashtra
312,Kolkata,India,West Bengal
313,Kolkata,India,West Bengal
314,Mumbai,India,Maharashtra
315,Hyderabad,India,Telengana
316,Pune,India,Maharashtra
317,Rajkot,India,Gujarat
318,Indore,India,Madhya Pradesh
319,Banglore,India,Karnataka
320,Hyderabad,India,Telengana
321,Mumbai,India,Maharashtra
322,Indore,India,Madhya Pradesh
323,Pune,India,Maharashtra
324,Mumbai,India,Maharashtra
325,Kolkata,India,West Bengal
326,Banglore,India,Karnataka
327,Rajkot,India,Gujarat
328,Kolkata,India,West Bengal
329,Delhi,India,Delhi
330,Mumbai,India,Maharashtra
331,Banglore,India,Karnataka
332,Delhi,India,Delhi
333,Hyderabad,India,Telengana
334,Rajkot,India,Gujarat
335,Hyderabad,India,Telengana
336,Indore,India,Madhya Pradesh
337,Kolkata,India,West Bengal
338,Pune,India,Maharashtra
339,Mumbai,India,Maharashtra
340,Rajkot,India,Gujarat
341,Kolkata,India,West Bengal
342,Mumbai,India,Maharashtra
343,Banglore,India,Karnataka
344,Pune,India,Maharashtra
345,Banglore,India,Karnataka
346,Kolkata,India,West Bengal
347,Mohali,India,Punjab
348,Pune,India,Maharashtra
349,Rajkot,India,Gujarat
350,Mohali,India,Punjab
351,Hyderabad,India,Telengana
352,Mumbai,India,Maharashtra
353,Pune,India,Maharashtra
354,Delhi,India,Delhi
355,Kolkata,India,West Bengal
356,Delhi,India,Delhi
357,Banglore,India,Karnataka
358,Hyderabad,India,Telengana
359,Delhi,India,Delhi
360,Banglore,India,Karnataka
361,Mohali,India,Punjab
362,Hyderabad,India,Telengana
363,Mohali,India,Punjab
364,Kanpur,India,Uttar Pradesh
365,Mumbai,India,Maharashtra
366,Delhi,India,Delhi
367,Kanpur,India,Uttar Pradesh
368,Kolkata,India,West Bengal
369,Pune,India,Maharashtra
370,Delhi,India,Delhi
371,Mumbai,India,Maharashtra
372,Banglore,India,Karnataka
373,Banglore,India,Karnataka
374,Hyderabad,India,Telengana
375,Mumbai,India,Maharashtra
376,Kolkata,India,West Bengal
377,Mohali,India,Punjab
378,Banglore,India,Karnataka
379,Kolkata,India,West Bengal
380,Rajkot,India,Gujarat
381,Delhi,India,Delhi
382,Hyderabad,India,Telengana
383,Mumbai,India,Maharashtra
384,Mohali,India,Punjab
385,Banglore,India,Karnataka
386,Hyderabad,India,Telengana
387,Mohali,India,Punjab
388,Mumbai,India,Maharashtra
389,Rajkot,India,Gujarat
390,Pune,India,Maharashtra
391,Delhi,India,Delhi
392,Hyderabad,India,Telengana
393,Rajkot,India,Gujarat
394,Pune,India,Maharashtra
395,Mohali,India,Punjab
396,Hyderabad,India,Telengana
397,Delhi,India,Delhi
398,Mumbai,India,Maharashtra
399,Pune,India,Maharashtra
400,Delhi,India,Delhi
401,Hyderabad,India,Telengana
402,Rajkot,India,Gujarat
403,Pune,India,Maharashtra
404,Banglore,India,Karnataka
405,Rajkot,India,Gujarat
406,Kolkata,India,West Bengal
407,Delhi,India,Delhi
408,Hyderabad,India,Telengana
409,Banglore,India,Karnataka
410,Mohali,India,Punjab
411,Visakhapatnam,India,Andhra Pradesh
412,Kolkata,India,West Bengal
413,Mohali,India,Punjab
414,Visakhapatnam,India,Andhra Pradesh
415,Banglore,India,Karnataka
416,Hyderabad,India,Telengana
417,Visakhapatnam,India,Andhra Pradesh
418,Banglore,India,Karnataka
419,Kolkata,India,West Bengal
420,Mohali,India,Punjab
421,Visakhapatnam,India,Andhra Pradesh
422,Kolkata,India,West Bengal
423,Visakhapatnam,India,Andhra Pradesh
424,Banglore,India,Karnataka
425,Kanpur,India,Uttar Pradesh
426,Raipur,India,Chhattisgarh
427,Visakhapatnam,India,Andhra Pradesh
428,Kanpur,India,Uttar Pradesh
429,Kolkata,India,West Bengal
430,Raipur,India,Chhattisgarh
431,Banglore,India,Karnataka
432,Delhi,India,Delhi
433,Delhi,India,Delhi
434,Banglore,India,Karnataka
435,Kolkata,India,West Bengal
436,Chepauk,India,Tamil Nadu
437,Pune,India,Maharashtra
438,Chepauk,India,Tamil Nadu
439,Kolkata,India,West Bengal
440,Delhi,India,Delhi
441,Mumbai,India,Maharashtra
442,Banglore,India,Karnataka
443,Motera,India,Gujarat
444,Pune,India,Maharashtra
445,Visakhapatnam,India,Andhra Pradesh
446,Mumbai,India,Maharashtra
447,Visakhapatnam,India,Andhra Pradesh
448,Pune,India,Maharashtra
449,Motera,India,Gujarat
450,Banglore,India,Karnataka
451,Delhi,India,Delhi
452,Motera,India,Gujarat
453,Visakhapatnam,India,Andhra Pradesh
454,Banglore,India,Karnataka
455,Delhi,India,Delhi
456,Motera,India,Gujarat
457,Mumbai,India,Maharashtra
458,Chepauk,India,Tamil Nadu
459,Kolkata,India,West Bengal
460,Delhi,India,Delhi
461,Mohali,India,Punjab
462,Chepauk,India,Tamil Nadu
463,Banglore,India,Karnataka
464,Kolkata,India,West Bengal
465,Delhi,India,Delhi
466,Mumbai,India,Maharashtra
467,Banglore,India,Karnataka
468,Hyderabad,India,Telengana
469,Mohali,India,Punjab
470,Mumbai,India,Maharashtra
471,Chepauk,India,Tamil Nadu
472,Kolkata,India,West Bengal
473,Mumbai,India,Maharashtra
474,Banglore,India,Karnataka
475,Mumbai,India,Maharashtra
476,Kolkata,India,West Bengal
477,Chepauk,India,Tamil Nadu
478,Kolkata,India,West Bengal
479,Raipur,India,Chhattisgarh
480,Mumbai,India,Maharashtra
481,Chepauk,India,Tamil Nadu
482,Hyderabad,India,Telengana
483,Raipur,India,Chhattisgarh
484,Mohali,India,Punjab
485,Mumbai,India,Maharashtra
486,Hyderabad,India,Telengana
487,Mohali,India,Punjab
488,Mumbai,India,Maharashtra
489,Banglore,India,Karnataka
490,Hyderabad,India,Telengana
491,Mumbai,India,Maharashtra
492,Pune,India,Maharashtra
493,Ranchi,India,Jharkhand
494,Kolkata,India,West Bengal
495,Abu Dhabi,United Arab Emirates,Abu Dhabi
496,Sharjah,United Arab Emirates,Sharjah
497,Abu Dhabi,United Arab Emirates,Abu Dhabi
498,Abu Dhabi,United Arab Emirates,Abu Dhabi
499,Dubai,United Arab Emirates,Dubai
500,Dubai,United Arab Emirates,Dubai
501,Sharjah,United Arab Emirates,Sharjah
502,Abu Dhabi,United Arab Emirates,Abu Dhabi
503,Sharjah,United Arab Emirates,Sharjah
504,Dubai,United Arab Emirates,Dubai
505,Sharjah,United Arab Emirates,Sharjah
506,Dubai,United Arab Emirates,Dubai
507,Dubai,United Arab Emirates,Dubai
508,Abu Dhabi,United Arab Emirates,Abu Dhabi
509,Abu Dhabi,United Arab Emirates,Abu Dhabi
510,Sharjah,United Arab Emirates,Sharjah
511,Sharjah,United Arab Emirates,Sharjah
512,Dubai,United Arab Emirates,Dubai
513,Abu Dhabi,United Arab Emirates,Abu Dhabi
514,Dubai,United Arab Emirates,Dubai
515,Ranchi,India,Jharkhand
516,Mumbai,India,Maharashtra
517,Delhi,India,Delhi
518,Banglore,India,Karnataka
519,Motera,India,Gujarat
520,Delhi,India,Delhi
521,Mumbai,India,Maharashtra
522,Delhi,India,Delhi
523,Cuttack,India,Odisha
524,Motera,India,Gujarat
525,Banglore,India,Karnataka
526,Delhi,India,Delhi
527,Mumbai,India,Maharashtra
528,Cuttack,India,Odisha
529,Banglore,India,Karnataka
530,Hyderabad,India,Telengana
531,Ranchi,India,Jharkhand
532,Banglore,India,Karnataka
533,Hyderabad,India,Telengana
534,Cuttack,India,Odisha
535,Motera,India,Gujarat
536,Ranchi,India,Jharkhand
537,Hyderabad,India,Telengana
538,Motera,India,Gujarat
539,Delhi,India,Delhi
540,Hyderabad,India,Telengana
541,Kolkata,India,West Bengal
542,Mohali,India,Punjab
543,Kolkata,India,West Bengal
544,Ranchi,India,Jharkhand
545,Mumbai,India,Maharashtra
546,Mohali,India,Punjab
547,Banglore,India,Karnataka
548,Kolkata,India,West Bengal
549,Mohali,India,Punjab
550,Mumbai,India,Maharashtra
551,Kolkata,India,West Bengal
552,Mumbai,India,Maharashtra
553,Mumbai,India,Maharashtra
554,Banglore,India,Karnataka
555,Kolkata,India,West Bengal
556,Banglore,India,Karnataka
557,Hyderabad,India,Telengana
558,Delhi,India,Delhi
559,Chepauk,India,Tamil Nadu
560,Pune,India,Maharashtra
561,Hyderabad,India,Telengana
562,Jaipur,India,Rajasthan
563,Banglore,India,Karnataka
564,Mumbai,India,Maharashtra
565,Mohali,India,Punjab
566,Banglore,India,Karnataka
567,Pune,India,Maharashtra
568,Delhi,India,Delhi
569,Mumbai,India,Maharashtra
570,Chepauk,India,Tamil Nadu
571,Kolkata,India,West Bengal
572,Jaipur,India,Rajasthan
573,Chepauk,India,Tamil Nadu
574,Mohali,India,Punjab
575,Banglore,India,Karnataka
576,Pune,India,Maharashtra
577,Jaipur,India,Rajasthan
578,Delhi,India,Delhi
579,Hyderabad,India,Telengana
580,Kolkata,India,West Bengal
581,Banglore,India,Karnataka
582,Delhi,India,Delhi
583,Mohali,India,Punjab
584,Chepauk,India,Tamil Nadu
585,Banglore,India,Karnataka
586,Delhi,India,Delhi
587,Kolkata,India,West Bengal
588,Chepauk,India,Tamil Nadu
589,Kolkata,India,West Bengal
590,Jaipur,India,Rajasthan
591,Mumbai,India,Maharashtra
592,Chepauk,India,Tamil Nadu
593,Raipur,India,Chhattisgarh
594,Jaipur,India,Rajasthan
595,Mumbai,India,Maharashtra
596,Pune,India,Maharashtra
597,Hyderabad,India,Telengana
598,Raipur,India,Chhattisgarh
599,Chepauk,India,Tamil Nadu
600,Pune,India,Maharashtra
601,Kolkata,India,West Bengal
602,Hyderabad,India,Telengana
603,Mumbai,India,Maharashtra
604,Jaipur,India,Rajasthan
605,Mohali,India,Punjab
606,Jaipur,India,Rajasthan
607,Mumbai,India,Maharashtra
608,Hyderabad,India,Telengana
609,Mohali,India,Punjab
610,Pune,India,Maharashtra
611,Delhi,India,Delhi
612,Pune,India,Maharashtra
613,Mohali,India,Punjab
614,Ranchi,India,Jharkhand
615,Jaipur,India,Rajasthan
616,Mumbai,India,Maharashtra
617,Banglore,India,Karnataka
618,Chepauk,India,Tamil Nadu
619,Ranchi,India,Jharkhand
620,Mumbai,India,Maharashtra
621,Dharamshala,India,Maharashtra
622,Hyderabad,India,Telengana
623,Dharamshala,India,Himachal Pradesh
624,Banglore,India,Karnataka
625,Pune,India,Maharashtra
626,Hyderabad,India,Telengana
627,Delhi,India,Delhi
628,Delhi,India,Delhi
629,Kolkata,India,West Bengal
630,Kolkata,India,West Bengal
631,Chepauk,India,Tamil Nadu
632,Kolkata,India,West Bengal
633,Mumbai,India,Maharashtra
634,Jaipur,India,Rajasthan
635,Banglore,India,Karnataka
636,Visakhapatnam,India,Andhra Pradesh
637,Jaipur,India,Rajasthan
638,Pune,India,Maharashtra
639,Visakhapatnam,India,Andhra Pradesh
640,Banglore,India,Karnataka
641,Delhi,India,Delhi
642,Mumbai,India,Maharashtra
643,Chepauk,India,Tamil Nadu
644,Mohali,India,Punjab
645,Kolkata,India,West Bengal
646,Pune,India,Maharashtra
647,Kolkata,India,West Bengal
648,Banglore,India,Karnataka
649,Mumbai,India,Maharashtra
650,Jaipur,India,Rajasthan
651,Banglore,India,Karnataka
652,Mohali,India,Punjab
653,Delhi,India,Delhi
654,Chepauk,India,Tamil Nadu
655,Mohali,India,Punjab
656,Chepauk,India,Tamil Nadu
657,Delhi,India,Delhi
658,Mumbai,India,Maharashtra
659,Cuttack,India,Odisha
660,Jaipur,India,Rajasthan
661,Pune,India,Maharashtra
662,Kolkata,India,West Bengal
663,Mohali,India,Punjab
664,Banglore,India,Karnataka
665,Pune,India,Maharashtra
666,Delhi,India,Delhi
667,Chepauk,India,Tamil Nadu
668,Kolkata,India,West Bengal
669,Delhi,India,Delhi
670,Mumbai,India,Maharashtra
671,Chepauk,India,Tamil Nadu
672,Cuttack,India,Odisha
673,Jaipur,India,Rajasthan
674,Banglore,India,Karnataka
675,Pune,India,Maharashtra
676,Chepauk,India,Tamil Nadu
677,Kolkata,India,West Bengal
678,Mohali,India,Punjab
679,Mumbai,India,Maharashtra
680,Banglore,India,Karnataka
681,Delhi,India,Delhi
682,Pune,India,Maharashtra
683,Hyderabad,India,Telengana
684,Mumbai,India,Maharashtra
685,Hyderabad,India,Telengana
686,Jaipur,India,Rajasthan
687,Pune,India,Maharashtra
688,Kolkata,India,West Bengal
689,Chepauk,India,Tamil Nadu
690,Jaipur,India,Rajasthan
691,Mohali,India,Punjab
692,Banglore,India,Karnataka
693,Kolkata,India,West Bengal
694,Delhi,India,Delhi
695,Mumbai,India,Maharashtra
696,Dharamshala,India,Himachal Pradesh
697,Delhi,India,Delhi
698,Hyderabad,India,Telengana
699,Dharamshala,India,Himachal Pradesh
700,Pune,India,Maharashtra
701,Hyderabad,India,Telengana
702,Jaipur,India,Rajasthan
703,Pune,India,Maharashtra
704,Banglore,India,Karnataka
705,Chepauk,India,Tamil Nadu
706,Chepauk,India,Tamil Nadu
707,Chepauk,India,Tamil Nadu
708,Hyderabad,India,Telengana
709,Kochi,India,Kerala
710,Delhi,India,Delhi
711,Mumbai,India,Maharashtra
712,Kolkata,India,West Bengal
713,Jaipur,India,Rajasthan
714,Banglore,India,Karnataka
715,Mohali,India,Punjab
716,Mumbai,India,Maharashtra
717,Hyderabad,India,Telengana
718,Jaipur,India,Rajasthan
719,Mumbai,India,Maharashtra
720,Chepauk,India,Tamil Nadu
721,Hyderabad,India,Telengana
722,Mumbai,India,Maharashtra
723,Kolkata,India,West Bengal
724,Kochi,India,Kerala
725,Delhi,India,Delhi
726,Banglore,India,Karnataka
727,Mumbai,India,Maharashtra
728,Kolkata,India,West Bengal
729,Mohali,India,Punjab
730,Kolkata,India,West Bengal
731,Mumbai,India,Maharashtra
732,Delhi,India,Delhi
733,Hyderabad,India,Telengana
734,Jaipur,India,Rajasthan
735,Chepauk,India,Tamil Nadu
736,Delhi,India,Delhi
737,Mumbai,India,Maharashtra
738,Kochi,India,Kerala
739,Delhi,India,Delhi
740,Jaipur,India,Rajasthan
741,Banglore,India,Karnataka
742,Kochi,India,Kerala
743,Kolkata,India,West Bengal
744,Jaipur,India,Rajasthan
745,Chepauk,India,Tamil Nadu
746,Mumbai,India,Maharashtra
747,Delhi,India,Delhi
748,Hyderabad,India,Telengana
749,Chepauk,India,Tamil Nadu
750,Mumbai,India,Maharashtra
751,Kochi,India,Kerala
752,Hyderabad,India,Telengana
753,Banglore,India,Karnataka
754,Kolkata,India,West Bengal
755,Mumbai,India,Maharashtra
756,Banglore,India,Karnataka
757,Mohali,India,Punjab
758,Jaipur,India,Rajasthan
759,Hyderabad,India,Telengana
760,Mohali,India,Punjab
761,Jaipur,India,Rajasthan
762,Chepauk,India,Tamil Nadu
763,Indore,India,Madhya Pradesh
764,Banglore,India,Karnataka
765,Mumbai,India,Maharashtra
766,Dharamshala,India,Himachal Pradesh
767,Indore,India,Madhya Pradesh
768,Mumbai,India,Maharashtra
769,Dharamshala,India,Himachal Pradesh
770,Chepauk,India,Tamil Nadu
771,Mumbai,India,Maharashtra
772,Mumbai,India,Maharashtra
773,Dharamshala,India,Himachal Pradesh
774,Delhi,India,Delhi
775,Banglore,India,Karnataka
776,Kolkata,India,West Bengal
777,Mumbai,India,Maharashtra
778,Mumbai,India,Maharashtra
779,Chepauk,India,Tamil Nadu
780,Chepauk,India,Tamil Nadu
781,Mumbai,India,Maharashtra
782,Mumbai,India,Maharashtra
783,Mohali,India,Punjab
784,Kolkata,India,West Bengal
785,Chepauk,India,Tamil Nadu
786,Motera,India,Gujarat
787,Banglore,India,Karnataka
788,Kolkata,India,West Bengal
789,Delhi,India,Delhi
790,Banglore,India,Karnataka
791,Delhi,India,Delhi
792,Cuttack,India,Odisha
793,Motera,India,Gujarat
794,Mumbai,India,Maharashtra
795,Cuttack,India,Odisha
796,Chepauk,India,Tamil Nadu
797,Mumbai,India,Maharashtra
798,Banglore,India,Karnataka
799,Mohali,India,Punjab
800,Banglore,India,Karnataka
801,Mumbai,India,Maharashtra
802,Motera,India,Gujarat
803,Mohali,India,Punjab
804,Motera,India,Gujarat
805,Mumbai,India,Maharashtra
806,Delhi,India,Delhi
807,Mumbai,India,Maharashtra
808,Chepauk,India,Tamil Nadu
809,Delhi,India,Delhi
810,Kolkata,India,West Bengal
811,Mohali,India,Punjab
812,Chepauk,India,Tamil Nadu
813,Mumbai,India,Maharashtra
814,Kolkata,India,West Bengal
815,Delhi,India,Delhi
816,Jamtha,India,Maharashtra
817,Chepauk,India,Tamil Nadu
818,Jaipur,India,Rajasthan
819,Kolkata,India,West Bengal
820,Banglore,India,Karnataka
821,Mohali,India,Punjab
822,Jamtha,India,Maharashtra
823,Banglore,India,Karnataka
824,Delhi,India,Delhi
825,Jaipur,India,Rajasthan
826,Jamtha,India,Maharashtra
827,Mumbai,India,Maharashtra
828,Chepauk,India,Tamil Nadu
829,Jaipur,India,Rajasthan
830,Chepauk,India,Tamil Nadu
831,Dharamshala,India,Himachal Pradesh
832,Banglore,India,Karnataka
833,Kolkata,India,West Bengal
834,Dharamshala,India,Himachal Pradesh
835,Delhi,India,Delhi
836,Kolkata,India,West Bengal
837,Mumbai,India,Maharashtra
838,Mumbai,India,Maharashtra
839,Mumbai,India,Maharashtra
840,Mumbai,India,Maharashtra
841,Cape Town,South Africa,Western Cape
842,Cape Town,South Africa,Western Cape
843,Cape Town,South Africa,Western Cape
844,Cape Town,South Africa,Western Cape
845,Port Elizabeth,South Africa,Eastern Cape
846,Durban,South Africa,KwaZulu-Natal
847,Durban,South Africa,KwaZulu-Natal
848,Cape Town,South Africa,Western Cape
849,Durban,South Africa,KwaZulu-Natal
850,Cape Town,South Africa,Western Cape
851,Durban,South Africa,KwaZulu-Natal
852,Durban,South Africa,KwaZulu-Natal
853,Cape Town,South Africa,Western Cape
854,Port Elizabeth,South Africa,Eastern Cape
855,Cape Town,South Africa,Western Cape
856,Durban,South Africa,KwaZulu-Natal
857,Port Elizabeth,South Africa,Eastern Cape
858,Centurion,South Africa,Gauteng
859,Durban,South Africa,KwaZulu-Natal
860,Durban,South Africa,KwaZulu-Natal
861,Centurion,South Africa,Gauteng
862,Centurion,South Africa,Gauteng
863,East London,South Africa,Eastern Cape
864,Durban,South Africa,KwaZulu-Natal
865,Port Elizabeth,South Africa,Eastern Cape
866,Johannesburg,South Africa,Gauteng
867,Port Elizabeth,South Africa,Eastern Cape
868,Johannesburg,South Africa,Gauteng
869,East London,South Africa,Eastern Cape
870,Durban,South Africa,KwaZulu-Natal
871,Durban,South Africa,KwaZulu-Natal
872,Centurion,South Africa,Gauteng
873,Centurion,South Africa,Gauteng
874,Centurion,South Africa,Gauteng
875,East London,South Africa,Eastern Cape
876,Kimberley,South Africa,Northern Cape
877,Kimberley,South Africa,Northern Cape
878,Port Elizabeth,South Africa,Eastern Cape
879,Johannesburg,South Africa,Gauteng
880,Kimberley,South Africa,Northern Cape
881,Centurion,South Africa,Gauteng
882,Centurion,South Africa,Gauteng
883,Durban,South Africa,KwaZulu-Natal
884,Durban,South Africa,KwaZulu-Natal
885,Durban,South Africa,KwaZulu-Natal
886,Bloemfontein,South Africa,Free State
887,Port Elizabeth,South Africa,Eastern Cape
888,Johannesburg,South Africa,Gauteng
889,Johannesburg,South Africa,Gauteng
890,Bloemfontein,South Africa,Free State
891,Centurion,South Africa,Gauteng
892,Johannesburg,South Africa,Gauteng
893,Durban,South Africa,KwaZulu-Natal
894,Durban,South Africa,KwaZulu-Natal
895,Centurion,South Africa,Gauteng
896,Centurion,South Africa,Gauteng
897,Centurion,South Africa,Gauteng
898,Johannesburg,South Africa,Gauteng
899,Johannesburg,South Africa,Gauteng
900,Banglore,India,Karnataka
901,Mohali,India,Punjab
902,Delhi,India,Delhi
903,Kolkata,India,West Bengal
904,Mumbai,India,Maharashtra
905,Jaipur,India,Rajasthan
906,Hyderabad,India,Telengana
907,Chepauk,India,Tamil Nadu
908,Hyderabad,India,Telengana
909,Mohali,India,Punjab
910,Chepauk,India,Tamil Nadu
911,Banglore,India,Karnataka
912,Mohali,India,Punjab
913,Mumbai,India,Maharashtra
914,Banglore,India,Karnataka
915,Kolkata,India,West Bengal
916,Delhi,India,Delhi
917,Jaipur,India,Rajasthan
918,Hyderabad,India,Telengana
919,Chepauk,India,Tamil Nadu
920,Banglore,India,Karnataka
921,Mohali,India,Punjab
922,Mumbai,India,Maharashtra
923,Jaipur,India,Rajasthan
924,Banglore,India,Karnataka
925,Chepauk,India,Tamil Nadu
926,Mumbai,India,Maharashtra
927,Delhi,India,Delhi
928,Kolkata,India,West Bengal
929,Jaipur,India,Rajasthan
930,Chepauk,India,Tamil Nadu
931,Hyderabad,India,Telengana
932,Jaipur,India,Rajasthan
933,Mohali,India,Punjab
934,Kolkata,India,West Bengal
935,Mumbai,India,Maharashtra
936,Delhi,India,Delhi
937,Mumbai,India,Maharashtra
938,Jaipur,India,Rajasthan
939,Delhi,India,Delhi
940,Kolkata,India,West Bengal
941,Hyderabad,India,Telengana
942,Banglore,India,Karnataka
943,Kolkata,India,West Bengal
944,Mumbai,India,Maharashtra
945,Chepauk,India,Tamil Nadu
946,Delhi,India,Delhi
947,Mohali,India,Punjab
948,Chepauk,India,Tamil Nadu
949,Delhi,India,Delhi
950,Hyderabad,India,Telengana
951,Kolkata,India,West Bengal
952,Jaipur,India,Rajasthan
953,Hyderabad,India,Telengana
954,Banglore,India,Karnataka
955,Mohali,India,Punjab
956,Mumbai,India,Maharashtra
957,Mumbai,India,Maharashtra
958,Mumbai,India,Maharashtra
